,system,example,example.position,hardLine,appropriate.yn,understand,maintain,extend,detectBugs,refactored,comprehend1.idk,comprehend1.correct,comprehend2.idk,comprehend2.correct,survey
194,Vim,vim18,1,1,Yes,1,1,1,1,FALSE,FALSE,FALSE,FALSE,FALSE,BOTH
195,Vim,vim18,1,1,Yes,1,1,1,1,FALSE,FALSE,FALSE,FALSE,FALSE,BOTH
196,Vim,vim18,1,1,Yes,1,1,1,1,FALSE,FALSE,FALSE,FALSE,FALSE,BOTH
201,Vim,vim18,1,NA,"No, because",3,2,2,3,FALSE,FALSE,TRUE,FALSE,TRUE,BOTH
212,Vim,vim18,1,NA,Yes,4,4,3,4,FALSE,FALSE,TRUE,FALSE,TRUE,BOTH
226,Vim,vim18,1,NA,Yes,2,3,2,2,FALSE,FALSE,TRUE,FALSE,TRUE,BOTH
229,Vim,vim18,1,16,"No, because",2,2,1,1,FALSE,FALSE,TRUE,FALSE,FALSE,BOTH
234,Vim,vim18,1,NA,Yes,4,4,4,4,FALSE,FALSE,TRUE,FALSE,TRUE,BOTH
240,Vim,vim18,1,NA,"No, because",2,2,2,2,FALSE,FALSE,FALSE,FALSE,TRUE,BOTH
254,Vim,vim18,1,NA,"No, because",2,2,2,2,FALSE,FALSE,TRUE,FALSE,FALSE,BOTH
255,Vim,vim18,1,NA,"No, because",3,2,2,2,FALSE,FALSE,TRUE,FALSE,TRUE,BOTH
265,Vim,vim18,1,NA,Yes,4,3,3,2,FALSE,FALSE,TRUE,FALSE,FALSE,BOTH
277,Vim,vim18,1,"You missed p_imsf[0] != NULL in the previous question. Our responses will be invalid.  Also, note the global dependencies.","No, because",4,3,1,1,FALSE,FALSE,TRUE,FALSE,FALSE,BOTH
279,Vim,vim18,1,NA,"No, because",3,3,3,3,FALSE,FALSE,TRUE,FALSE,TRUE,BOTH
280,Vim,vim18,1,9,Yes,4,3,4,4,FALSE,FALSE,TRUE,FALSE,FALSE,BOTH
293,Vim,vim18,1,NA,Yes,3,2,2,2,FALSE,FALSE,TRUE,FALSE,TRUE,BOTH
295,Vim,vim18,1,NA,Yes,4,4,3,2,FALSE,FALSE,TRUE,FALSE,FALSE,BOTH
300,Vim,vim18,1,"11, 21","No, because",2,1,1,1,FALSE,FALSE,TRUE,FALSE,TRUE,BOTH
301,Vim,vim18,1,10,"No, because",1,1,1,1,FALSE,FALSE,FALSE,FALSE,FALSE,BOTH
304,Vim,vim18,1,NA,Yes,2,4,2,3,FALSE,FALSE,TRUE,FALSE,TRUE,BOTH
306,Vim,vim18,1,NA,"No, because",4,4,3,3,FALSE,FALSE,TRUE,FALSE,FALSE,BOTH
307,Vim,vim18,1,NA,Yes,2,1,3,2,FALSE,FALSE,FALSE,TRUE,NA,BOTH
309,Vim,vim18,1,15-17,Yes,2,2,3,2,FALSE,FALSE,TRUE,FALSE,TRUE,BOTH
311,Vim,vim18,1,10-12,"No, because",2,2,1,1,FALSE,FALSE,FALSE,FALSE,TRUE,BOTH
314,Vim,vim18,1,NA,"No, because",3,3,2,3,FALSE,FALSE,TRUE,FALSE,TRUE,BOTH
320,Vim,vim18,1,21 (What is im_is_active ???),Yes,2,3,3,2,FALSE,FALSE,TRUE,FALSE,TRUE,BOTH
321,Vim,vim18,1,NA,Yes,2,3,3,2,FALSE,FALSE,TRUE,FALSE,FALSE,BOTH
322,Vim,vim18,1,NA,Yes,4,4,4,4,FALSE,FALSE,TRUE,FALSE,TRUE,BOTH
341,Vim,vim18,1,NA,Yes,3,4,3,3,FALSE,FALSE,TRUE,FALSE,TRUE,BOTH
346,Vim,vim18,1,"9, 21, 11",Yes,2,2,2,1,FALSE,FALSE,TRUE,FALSE,TRUE,BOTH
348,Vim,vim18,1,NA,Yes,3,4,4,3,FALSE,FALSE,TRUE,FALSE,TRUE,BOTH
350,Vim,vim18,1,NA,Yes,3,2,2,1,FALSE,FALSE,TRUE,FALSE,FALSE,BOTH
352,Vim,vim18,1,NA,Yes,2,3,2,2,FALSE,FALSE,TRUE,FALSE,TRUE,BOTH
361,Vim,vim18,1,NA,"No, because",2,2,2,2,FALSE,FALSE,TRUE,FALSE,TRUE,BOTH
366,Vim,vim18,1,Your questions 9 and 10 are incorrect because they ignore line 5.,Yes,2,2,2,2,FALSE,FALSE,FALSE,TRUE,NA,BOTH
371,Vim,vim18,1,NA,Yes,3,3,3,3,FALSE,FALSE,TRUE,FALSE,TRUE,BOTH
373,Vim,vim18,1,NA,Yes,3,2,2,2,FALSE,FALSE,FALSE,TRUE,NA,BOTH
378,Vim,vim18,1,9-13,Yes,2,3,3,2,FALSE,FALSE,TRUE,FALSE,TRUE,BOTH
388,Vim,vim18,1,9-14,"No, because",1,1,1,1,FALSE,FALSE,TRUE,FALSE,FALSE,BOTH
389,Vim,vim18,1,9-14,"No, because",3,2,2,2,FALSE,FALSE,TRUE,FALSE,FALSE,BOTH
399,Vim,vim18,1,21,Yes,3,3,3,3,FALSE,FALSE,TRUE,FALSE,TRUE,BOTH
401,Vim,vim18,1,NA,"No, because",2,2,1,1,FALSE,FALSE,TRUE,FALSE,TRUE,BOTH
404,Vim,vim18,1,NA,Yes,4,4,4,4,FALSE,FALSE,TRUE,FALSE,TRUE,BOTH
405,Vim,vim18,1,5,"No, because",3,3,3,2,FALSE,FALSE,TRUE,FALSE,TRUE,BOTH
407,Vim,vim18,1,NA,Yes,3,3,2,2,FALSE,FALSE,TRUE,FALSE,FALSE,BOTH
410,Vim,vim18,1,NA,Yes,3,3,4,4,FALSE,FALSE,TRUE,FALSE,TRUE,BOTH
413,Vim,vim18,1,NA,"No, because",3,3,3,2,FALSE,FALSE,TRUE,FALSE,TRUE,BOTH
415,Vim,vim18,1,NA,"No, because",3,3,3,3,FALSE,FALSE,TRUE,FALSE,FALSE,BOTH
418,Vim,vim18,1,NA,"No, because",4,3,3,4,FALSE,FALSE,TRUE,FALSE,FALSE,BOTH
422,Vim,vim18,1,NA,Yes,3,3,3,3,FALSE,FALSE,TRUE,FALSE,FALSE,BOTH
424,Vim,vim18,1,9-14,"No, because",2,2,2,2,FALSE,FALSE,TRUE,FALSE,TRUE,BOTH
425,Vim,vim18,1,NA,"No, because",3,2,2,1,FALSE,FALSE,TRUE,FALSE,FALSE,BOTH
427,Vim,vim18,1,NA,Yes,3,3,2,3,FALSE,FALSE,FALSE,FALSE,TRUE,BOTH
430,Vim,vim18,1,NA,Yes,3,3,3,2,FALSE,FALSE,TRUE,FALSE,TRUE,BOTH
435,Vim,vim18,1,NA,Yes,4,2,3,3,FALSE,FALSE,TRUE,FALSE,FALSE,BOTH
437,Vim,vim18,1,NA,Yes,3,2,2,2,FALSE,FALSE,TRUE,FALSE,FALSE,BOTH
438,Vim,vim18,1,NA,"No, because",3,4,4,4,FALSE,FALSE,TRUE,FALSE,TRUE,BOTH
450,Vim,vim18,1,NA,"No, because",3,3,3,3,FALSE,FALSE,TRUE,FALSE,FALSE,BOTH
459,Vim,vim18,1,NA,Yes,4,4,4,3,FALSE,FALSE,TRUE,FALSE,FALSE,BOTH
461,Vim,vim18,1,NA,Yes,3,2,2,2,FALSE,FALSE,TRUE,FALSE,TRUE,BOTH
463,Vim,vim18,1,"i think i understand the code, but i dont understand the question answers, because there is no set that guarantees line 14 execution","No, because",3,2,1,1,FALSE,FALSE,FALSE,FALSE,FALSE,BOTH
465,Vim,vim18,1,NA,Yes,3,2,2,2,FALSE,FALSE,TRUE,FALSE,TRUE,BOTH
467,Vim,vim18,1,"5,16","No, because",1,1,1,1,FALSE,FALSE,TRUE,FALSE,FALSE,BOTH
480,Vim,vim18,1,10-12,"No, because",3,2,2,2,FALSE,FALSE,TRUE,FALSE,TRUE,BOTH
486,Vim,vim18,1,10-12,"No, because",3,3,2,2,FALSE,FALSE,TRUE,FALSE,FALSE,BOTH
487,Vim,vim18,1,NA,Yes,2,2,2,2,FALSE,FALSE,TRUE,FALSE,FALSE,BOTH
492,Vim,vim18,1,NA,Yes,4,3,3,3,FALSE,FALSE,TRUE,FALSE,FALSE,BOTH
493,Vim,vim18,1,9-14,"No, because",3,3,3,3,FALSE,FALSE,TRUE,FALSE,TRUE,BOTH
494,Vim,vim18,1,NA,"No, because",3,2,2,2,FALSE,FALSE,TRUE,FALSE,FALSE,BOTH
495,Vim,vim18,1,"9-14,20","No, because",2,1,3,2,FALSE,FALSE,TRUE,FALSE,TRUE,BOTH
502,Vim,vim18,1,NA,"No, because",4,3,3,3,FALSE,FALSE,TRUE,FALSE,TRUE,BOTH
504,Vim,vim18,1,NA,Yes,2,3,3,3,FALSE,TRUE,NA,TRUE,NA,BOTH
506,Vim,vim18,1,NA,Yes,4,4,4,4,FALSE,FALSE,TRUE,FALSE,TRUE,BOTH
509,Vim,vim18,1,NA,"No, because",3,3,3,3,FALSE,FALSE,TRUE,FALSE,FALSE,BOTH
518,Vim,vim18,1,NA,Yes,4,3,3,2,FALSE,FALSE,FALSE,FALSE,TRUE,BOTH
531,Vim,vim18,1,9-14,"No, because",2,1,1,1,FALSE,FALSE,TRUE,FALSE,TRUE,BOTH
537,Vim,vim18,1,NA,Yes,3,3,4,3,FALSE,FALSE,TRUE,FALSE,FALSE,BOTH
538,Vim,vim18,1,9,Yes,3,2,2,1,FALSE,FALSE,TRUE,FALSE,FALSE,BOTH
539,Vim,vim18,1,9-14,"No, because",2,2,2,2,FALSE,FALSE,TRUE,FALSE,FALSE,BOTH
545,Vim,vim18,1,21,"No, because",4,4,4,3,FALSE,FALSE,TRUE,FALSE,TRUE,BOTH
546,Vim,vim18,1,NA,"No, because",3,2,2,2,FALSE,FALSE,TRUE,FALSE,FALSE,BOTH
550,Vim,vim18,1,10-12,"No, because",2,1,2,1,FALSE,FALSE,TRUE,FALSE,FALSE,BOTH
554,Vim,vim18,1,NA,Yes,4,3,3,3,FALSE,FALSE,TRUE,FALSE,TRUE,BOTH
559,Vim,vim18,1,NA,"No, because",2,2,2,2,FALSE,FALSE,TRUE,FALSE,TRUE,BOTH
564,Vim,vim18,1,"Mostly the questions - Question 8 is not true and FEAT_EVAL is undefined, and Question 9 has some checkboxes dependent on each other. ",Yes,3,2,2,3,FALSE,FALSE,FALSE,FALSE,FALSE,BOTH
572,Vim,vim18,1,10-14,"No, because",2,3,3,2,FALSE,FALSE,TRUE,FALSE,TRUE,BOTH
574,Vim,vim18,1,NA,Yes,4,4,4,4,FALSE,FALSE,FALSE,FALSE,TRUE,BOTH
586,Vim,vim18,1,NA,"No, because",2,2,2,3,FALSE,FALSE,TRUE,FALSE,FALSE,BOTH
588,Vim,vim18,1,NA,"No, because",3,3,2,2,FALSE,FALSE,TRUE,FALSE,TRUE,BOTH
590,Vim,vim18,1,"9-14,9-18",Yes,3,2,2,2,FALSE,FALSE,FALSE,FALSE,FALSE,BOTH
592,Vim,vim18,1,"5, 9, 16","No, because",1,2,2,2,FALSE,FALSE,TRUE,FALSE,FALSE,BOTH
593,Vim,vim18,1,9,Yes,2,2,2,2,FALSE,FALSE,FALSE,FALSE,TRUE,BOTH
598,Vim,vim18,1,NA,"No, because",3,2,3,2,FALSE,FALSE,TRUE,FALSE,TRUE,BOTH
599,Vim,vim18,1,NA,"No, because",2,1,2,1,FALSE,FALSE,TRUE,FALSE,TRUE,BOTH
601,Vim,vim18,1,NA,"No, because",2,2,2,2,FALSE,FALSE,TRUE,FALSE,FALSE,BOTH
615,Vim,vim18,1,NA,"No, because",4,2,3,2,FALSE,FALSE,FALSE,FALSE,TRUE,BOTH
619,Vim,vim18,1,NA,"No, because",2,1,2,2,FALSE,FALSE,TRUE,FALSE,FALSE,BOTH
624,Vim,vim18,1,1-22,"No, because",1,1,1,1,FALSE,FALSE,TRUE,FALSE,TRUE,BOTH
626,Vim,vim18,1,10-12,"No, because",2,2,3,2,FALSE,FALSE,TRUE,FALSE,TRUE,BOTH
631,Vim,vim18,1,NA,Yes,3,3,2,2,FALSE,FALSE,TRUE,FALSE,TRUE,BOTH
633,Vim,vim18,1,9-13,"No, because",3,3,3,2,FALSE,FALSE,TRUE,FALSE,FALSE,BOTH
645,Vim,vim18,1,NA,Yes,3,4,4,2,FALSE,FALSE,TRUE,FALSE,FALSE,BOTH
648,Vim,vim18,1,9-14,"No, because",3,2,2,2,FALSE,FALSE,TRUE,FALSE,FALSE,BOTH
651,Vim,vim18,1,NA,"No, because",2,2,2,1,FALSE,FALSE,TRUE,FALSE,TRUE,BOTH
655,Vim,vim18,1,Your questions ;),Yes,2,3,3,2,FALSE,FALSE,TRUE,FALSE,TRUE,BOTH
656,Vim,vim18,1,10-12,Yes,3,3,2,2,FALSE,FALSE,TRUE,FALSE,FALSE,BOTH
658,Vim,vim18,1,11,"No, because",3,3,3,3,FALSE,FALSE,TRUE,FALSE,FALSE,BOTH
661,Vim,vim18,1,NA,Yes,3,3,3,3,FALSE,FALSE,TRUE,FALSE,FALSE,BOTH
664,Vim,vim18,1,NA,"No, because",2,2,2,2,FALSE,FALSE,TRUE,FALSE,TRUE,BOTH
672,Vim,vim18,1,NA,"No, because",2,2,2,2,FALSE,FALSE,TRUE,FALSE,TRUE,BOTH
684,Vim,vim18,1,NA,Yes,3,3,3,3,FALSE,FALSE,TRUE,FALSE,TRUE,BOTH
689,Vim,vim18,1,NA,Yes,3,3,3,3,FALSE,FALSE,TRUE,FALSE,TRUE,BOTH
690,Vim,vim18,1,5,"No, because",4,3,2,2,FALSE,FALSE,TRUE,FALSE,TRUE,BOTH
693,Vim,vim18,1,NA,Yes,3,3,3,3,FALSE,FALSE,TRUE,FALSE,TRUE,BOTH
696,Vim,vim18,1,NA,Yes,4,4,4,4,FALSE,FALSE,TRUE,FALSE,TRUE,BOTH
699,Vim,vim18,1,NA,"No, because",3,2,2,1,FALSE,FALSE,TRUE,FALSE,FALSE,BOTH
701,Vim,vim18,1,NA,"No, because",3,3,2,3,FALSE,FALSE,TRUE,FALSE,TRUE,BOTH
702,Vim,vim18,1,10-13,Yes,2,3,3,2,FALSE,FALSE,TRUE,FALSE,FALSE,BOTH
706,Vim,vim18,1,NA,Yes,4,4,4,4,FALSE,FALSE,TRUE,FALSE,FALSE,BOTH
709,Vim,vim18,1,9-14,"No, because",2,2,1,1,FALSE,FALSE,TRUE,FALSE,TRUE,BOTH
710,Vim,vim18,1,NA,Yes,3,2,2,2,FALSE,FALSE,TRUE,FALSE,TRUE,BOTH
721,Vim,vim18,1,NA,Yes,3,2,2,2,FALSE,FALSE,TRUE,FALSE,TRUE,BOTH
729,Vim,vim18,1,2,"No, because",3,3,4,3,FALSE,FALSE,TRUE,FALSE,FALSE,BOTH
732,Vim,vim18,1,NA,Yes,3,3,3,3,FALSE,FALSE,TRUE,FALSE,TRUE,BOTH
735,Vim,vim18,1,NA,Yes,3,2,3,2,FALSE,FALSE,TRUE,FALSE,FALSE,BOTH
741,Vim,vim18,1,NA,Yes,4,3,3,3,FALSE,FALSE,TRUE,FALSE,FALSE,BOTH
746,Vim,vim18,1,NA,Yes,4,4,4,4,FALSE,FALSE,TRUE,FALSE,FALSE,BOTH
747,Vim,vim18,1,NA,"No, because",2,1,1,1,FALSE,FALSE,TRUE,FALSE,FALSE,BOTH
748,Vim,vim18,1,NA,"No, because",3,1,2,2,FALSE,FALSE,TRUE,FALSE,FALSE,BOTH
750,Vim,vim18,1,NA,Yes,2,3,3,2,FALSE,FALSE,TRUE,FALSE,TRUE,BOTH
751,Vim,vim18,1,NA,Yes,3,3,2,2,FALSE,FALSE,TRUE,FALSE,FALSE,BOTH
753,Vim,vim18,1,10-12,"No, because",2,1,1,1,FALSE,FALSE,TRUE,FALSE,TRUE,BOTH
754,Vim,vim18,1,NA,Yes,3,2,3,3,FALSE,FALSE,TRUE,FALSE,FALSE,BOTH
757,Vim,vim18,1,NA,Yes,3,3,3,2,FALSE,FALSE,FALSE,FALSE,FALSE,BOTH
758,Vim,vim18,1,21,"No, because",3,2,1,2,FALSE,FALSE,TRUE,FALSE,TRUE,BOTH
762,Vim,vim18,1,NA,Yes,3,2,2,2,FALSE,FALSE,TRUE,FALSE,FALSE,BOTH
770,Vim,vim18,1,10-12,"No, because",1,1,3,2,FALSE,FALSE,FALSE,FALSE,TRUE,BOTH
772,Vim,vim18,1,NA,"No, because",2,3,2,3,FALSE,FALSE,TRUE,FALSE,TRUE,BOTH
774,Vim,vim18,1,9-14,"No, because",2,2,2,2,FALSE,FALSE,TRUE,FALSE,TRUE,BOTH
780,Vim,vim18,1,"21, 11-14","No, because",2,1,3,2,FALSE,FALSE,TRUE,FALSE,TRUE,BOTH
781,Vim,vim18,1,NA,Yes,3,2,2,2,FALSE,FALSE,TRUE,FALSE,TRUE,BOTH
785,Vim,vim18,1,NA,Yes,3,2,2,2,FALSE,FALSE,TRUE,FALSE,TRUE,BOTH
789,Vim,vim18,1,9-12,"No, because",3,2,2,3,FALSE,FALSE,TRUE,FALSE,FALSE,BOTH
791,Vim,vim18,1,NA,"No, because",2,2,2,1,FALSE,FALSE,TRUE,FALSE,TRUE,BOTH
798,Vim,vim18,1,5,"No, because",4,1,2,1,FALSE,FALSE,TRUE,FALSE,FALSE,BOTH
800,Vim,vim18,1,NA,Yes,3,3,3,2,FALSE,FALSE,TRUE,FALSE,TRUE,BOTH
805,Vim,vim18,1,11,Yes,3,3,2,2,FALSE,FALSE,TRUE,FALSE,FALSE,BOTH
808,Vim,vim18,1,NA,"No, because",2,2,2,2,FALSE,FALSE,TRUE,FALSE,TRUE,BOTH
819,Vim,vim18,1,"9-13,21","No, because",1,1,1,1,FALSE,FALSE,TRUE,FALSE,TRUE,BOTH
820,Vim,vim18,1,NA,"No, because",3,2,2,1,FALSE,FALSE,FALSE,FALSE,FALSE,BOTH
824,Vim,vim18,1,NA,Yes,3,2,2,2,FALSE,FALSE,TRUE,FALSE,TRUE,BOTH
827,Vim,vim18,1,NA,"No, because",3,2,2,2,FALSE,FALSE,TRUE,FALSE,TRUE,BOTH
829,Vim,vim18,1,NA,Yes,3,2,2,2,FALSE,FALSE,TRUE,FALSE,TRUE,BOTH
831,Vim,vim18,1,9-11,"No, because",2,3,3,2,FALSE,FALSE,TRUE,FALSE,FALSE,BOTH
838,Vim,vim18,1,NA,"No, because",3,3,2,2,FALSE,FALSE,TRUE,FALSE,TRUE,BOTH
839,Vim,vim18,1,NA,"No, because",2,2,3,1,FALSE,FALSE,TRUE,FALSE,TRUE,BOTH
842,Vim,vim18,1,10-12,"No, because",2,2,2,2,FALSE,FALSE,TRUE,FALSE,TRUE,BOTH
843,Vim,vim18,1,NA,"No, because",3,3,3,3,FALSE,FALSE,TRUE,FALSE,TRUE,BOTH
848,Vim,vim18,1,10-12,Yes,2,2,2,1,FALSE,FALSE,TRUE,FALSE,TRUE,BOTH
859,Vim,vim18,1,NA,Yes,3,3,3,2,FALSE,FALSE,TRUE,FALSE,FALSE,BOTH
868,Vim,vim18,1,0-13,"No, because",2,2,2,2,FALSE,FALSE,TRUE,FALSE,TRUE,BOTH
871,Vim,vim18,1,5,"No, because",3,2,2,2,FALSE,FALSE,FALSE,FALSE,TRUE,BOTH
936,Vim,vim18,1,NA,Yes,3,2,2,2,FALSE,FALSE,TRUE,FALSE,FALSE,BOTH
938,Vim,vim18,1,NA,Yes,4,4,4,4,FALSE,FALSE,TRUE,FALSE,TRUE,BOTH
941,Vim,vim18,1,NA,Yes,3,3,3,3,FALSE,FALSE,TRUE,FALSE,FALSE,BOTH
943,Vim,vim18,1,NA,"No, because",3,3,2,2,FALSE,FALSE,TRUE,FALSE,TRUE,BOTH
944,Vim,vim18,1,NA,Yes,2,2,2,2,FALSE,FALSE,TRUE,FALSE,TRUE,BOTH
949,Vim,vim18,1,9-14,"No, because",2,2,1,2,FALSE,FALSE,TRUE,FALSE,TRUE,BOTH
955,Vim,vim18,1,"5,16",Yes,3,3,4,2,FALSE,FALSE,TRUE,FALSE,TRUE,BOTH
966,Vim,vim18,1,16,Yes,4,3,4,2,FALSE,FALSE,TRUE,FALSE,FALSE,BOTH
975,Vim,vim18,1,16,Yes,4,3,3,3,FALSE,FALSE,TRUE,FALSE,TRUE,BOTH
978,Vim,vim18,1,NA,Yes,2,3,3,2,FALSE,FALSE,TRUE,FALSE,TRUE,BOTH
979,Vim,vim18,1,NA,"No, because",2,2,3,2,FALSE,FALSE,TRUE,FALSE,TRUE,BOTH
981,Vim,vim18,1,NA,"No, because",3,2,2,2,FALSE,FALSE,TRUE,FALSE,TRUE,BOTH
986,Vim,vim18,1,NA,Yes,3,3,3,3,FALSE,FALSE,TRUE,FALSE,FALSE,BOTH
987,Vim,vim18,1,NA,Yes,3,3,3,2,FALSE,FALSE,TRUE,FALSE,TRUE,BOTH
990,Vim,vim18,1,NA,Yes,3,3,3,3,FALSE,FALSE,TRUE,FALSE,TRUE,BOTH
993,Vim,vim18,1,NA,Yes,3,3,3,2,FALSE,FALSE,FALSE,FALSE,TRUE,BOTH
998,Vim,vim18,1,10-12,"No, because",2,3,3,3,FALSE,FALSE,TRUE,FALSE,TRUE,BOTH
1006,Vim,vim18,1,NA,Yes,3,2,2,2,FALSE,FALSE,TRUE,FALSE,FALSE,BOTH
1020,Vim,vim18,1,10-12,"No, because",2,1,2,2,FALSE,FALSE,TRUE,FALSE,FALSE,BOTH
1022,Vim,vim18,1,NA,Yes,3,2,3,2,FALSE,FALSE,TRUE,FALSE,TRUE,BOTH
1037,Vim,vim18,1,14,"No, because",2,1,2,2,FALSE,FALSE,TRUE,FALSE,TRUE,BOTH
1038,Vim,vim18,1,NA,"No, because",3,2,2,1,FALSE,FALSE,TRUE,FALSE,TRUE,BOTH
1043,Vim,vim18,1,9-14,"No, because",3,2,2,2,FALSE,FALSE,TRUE,FALSE,TRUE,BOTH
1050,Vim,vim18,1,NA,Yes,4,3,3,3,FALSE,FALSE,FALSE,FALSE,FALSE,BOTH
1059,Vim,vim18,1,NA,Yes,4,4,4,4,FALSE,FALSE,TRUE,FALSE,FALSE,BOTH
1067,Vim,vim18,1,"line 11 is definitely hard to comprehend, but the if statement it's part of depends on the value of ""exiting"" and FEAT_EVAL regardless of the value of FEAT_AUTOCMD","No, because",2,2,2,2,FALSE,FALSE,TRUE,FALSE,FALSE,BOTH
1070,Vim,vim18,1,NA,"No, because",2,2,1,1,FALSE,FALSE,FALSE,FALSE,FALSE,BOTH
1072,Vim,vim18,1,NA,Yes,3,3,3,3,FALSE,FALSE,TRUE,FALSE,TRUE,BOTH
1080,Vim,vim18,1,NA,Yes,3,3,3,2,FALSE,FALSE,TRUE,FALSE,TRUE,BOTH
1081,Vim,vim18,1,Not enough of code is shown to understand meaning of global variables; questions in this form are ambiguous.,Yes,3,3,3,3,FALSE,FALSE,TRUE,FALSE,FALSE,BOTH
1090,Vim,vim18,1,NA,Yes,4,3,3,3,FALSE,FALSE,TRUE,FALSE,TRUE,BOTH
1092,Vim,vim18,1,NA,Yes,4,4,4,4,FALSE,FALSE,TRUE,FALSE,TRUE,BOTH
1094,Vim,vim18,1,NA,"No, because",2,1,1,2,FALSE,FALSE,TRUE,FALSE,TRUE,BOTH
1095,Vim,vim18,1,"10,11,12",Yes,2,2,3,3,FALSE,FALSE,TRUE,FALSE,FALSE,BOTH
1100,Vim,vim18,1,NA,"No, because",3,2,2,2,FALSE,FALSE,FALSE,FALSE,TRUE,BOTH
1101,Vim,vim18,1,NA,Yes,4,3,3,3,FALSE,FALSE,TRUE,FALSE,FALSE,BOTH
1110,Vim,vim18,1,10-12,"No, because",3,3,2,2,FALSE,FALSE,TRUE,FALSE,TRUE,BOTH
1111,Vim,vim18,1,NA,Yes,4,3,2,2,FALSE,FALSE,TRUE,FALSE,TRUE,BOTH
1118,Vim,vim18,1,9-13,"No, because",2,2,2,2,FALSE,FALSE,TRUE,FALSE,TRUE,BOTH
1137,Vim,vim18,1,NA,"No, because",2,2,2,2,FALSE,FALSE,TRUE,FALSE,FALSE,BOTH
1140,Vim,vim18,1,"lines 10, 12 with #if breaking if statement",Yes,2,3,3,2,FALSE,FALSE,TRUE,FALSE,TRUE,BOTH
1155,Vim,vim18,1,NA,Yes,3,3,2,2,FALSE,FALSE,TRUE,FALSE,FALSE,BOTH
1159,Vim,vim18,1,10-12,"No, because",3,2,2,2,FALSE,FALSE,TRUE,FALSE,FALSE,BOTH
1165,Vim,vim18,1,9-13,"No, because",3,3,2,2,FALSE,FALSE,TRUE,FALSE,TRUE,BOTH
1169,Vim,vim18,1,9-12,Yes,3,3,3,3,FALSE,FALSE,TRUE,FALSE,TRUE,BOTH
1171,Vim,vim18,1,NA,Yes,2,2,3,2,FALSE,FALSE,TRUE,FALSE,TRUE,BOTH
1172,Vim,vim18,1,9-13,"No, because",2,2,2,2,FALSE,FALSE,TRUE,FALSE,TRUE,BOTH
1173,Vim,vim18,1,"16,21",Yes,3,3,2,2,FALSE,FALSE,TRUE,FALSE,TRUE,BOTH
1176,Vim,vim18,1,9-13,"No, because",3,2,2,2,FALSE,FALSE,TRUE,FALSE,TRUE,BOTH
1181,Vim,vim18,1,21,"No, because",3,2,2,2,FALSE,FALSE,TRUE,FALSE,FALSE,BOTH
1200,Vim,vim18,1,"5, 10-12, 4-20","No, because",2,2,2,2,FALSE,FALSE,TRUE,FALSE,FALSE,BOTH
1215,Vim,vim18,1,NA,"No, because",3,4,4,3,FALSE,FALSE,TRUE,FALSE,FALSE,BOTH
1217,Vim,vim18,1,NA,"No, because",2,2,2,2,FALSE,FALSE,TRUE,FALSE,TRUE,BOTH
1226,Vim,vim18,1,9-13,"No, because",3,2,2,3,FALSE,FALSE,TRUE,FALSE,TRUE,BOTH
1227,Vim,vim18,1,NA,Yes,3,3,3,3,FALSE,FALSE,TRUE,FALSE,TRUE,BOTH
1230,Vim,vim18,1,"dunno, lines seem ok ; questions seem a bit tricky",Yes,3,3,3,3,FALSE,FALSE,TRUE,FALSE,TRUE,BOTH
1232,Vim,vim18,1,NA,"No, because",3,3,3,3,FALSE,FALSE,TRUE,FALSE,TRUE,BOTH
1234,Vim,vim18,1,NA,Yes,3,3,2,2,FALSE,FALSE,TRUE,FALSE,TRUE,BOTH
1239,Vim,vim18,1,11,"No, because",2,1,1,2,FALSE,FALSE,FALSE,FALSE,FALSE,BOTH
1240,Vim,vim18,1,the one where the values of im_is_active or existing are not shown in the example due to the partial code snippet,Yes,2,2,2,2,FALSE,FALSE,TRUE,FALSE,FALSE,BOTH
1241,Vim,vim18,1,11,Yes,2,3,2,3,FALSE,FALSE,TRUE,FALSE,TRUE,BOTH
1242,Vim,vim18,1,21,"No, because",2,2,2,2,FALSE,FALSE,TRUE,FALSE,TRUE,BOTH
1246,Vim,vim18,1,NA,Yes,3,3,3,2,FALSE,FALSE,FALSE,FALSE,TRUE,BOTH
1251,Vim,vim18,1,9-13,"No, because",1,1,2,2,FALSE,FALSE,TRUE,FALSE,TRUE,BOTH
1252,Vim,vim18,1,7-14,"No, because",2,2,2,2,FALSE,FALSE,FALSE,FALSE,FALSE,BOTH
1255,Vim,vim18,1,5,"No, because",3,2,3,2,FALSE,FALSE,TRUE,FALSE,TRUE,BOTH
1256,Vim,vim18,1,NA,"No, because",2,2,3,1,FALSE,FALSE,TRUE,FALSE,FALSE,BOTH
1261,Vim,vim18,1,NA,"No, because",2,2,2,2,FALSE,FALSE,TRUE,FALSE,FALSE,BOTH
1268,Vim,vim18,1,NA,"No, because",2,2,2,1,FALSE,FALSE,TRUE,FALSE,TRUE,BOTH
1270,Vim,vim18,1,4-20,Yes,2,2,2,2,FALSE,FALSE,TRUE,FALSE,TRUE,BOTH
1272,Vim,vim18,1,NA,Yes,3,2,2,3,FALSE,FALSE,TRUE,FALSE,FALSE,BOTH
1280,Vim,vim18,1,13,Yes,3,3,2,2,FALSE,FALSE,FALSE,FALSE,TRUE,BOTH
1285,Vim,vim18,1,NA,Yes,3,2,2,3,FALSE,FALSE,TRUE,FALSE,TRUE,BOTH
1300,Vim,vim18,1,9,Yes,3,3,3,3,FALSE,FALSE,TRUE,FALSE,FALSE,BOTH
1301,Vim,vim18,1,NA,Yes,3,3,2,3,FALSE,FALSE,TRUE,FALSE,TRUE,BOTH
1303,Vim,vim18,1,The question,Yes,3,3,3,2,FALSE,FALSE,TRUE,FALSE,TRUE,BOTH
1306,Vim,vim18,1,NA,"No, because",4,4,3,3,FALSE,FALSE,TRUE,FALSE,TRUE,BOTH
1309,Vim,vim18,1,"10,11,12","No, because",2,2,2,2,FALSE,FALSE,TRUE,FALSE,TRUE,BOTH
1314,Vim,vim18,1,9-14,"No, because",3,2,2,1,FALSE,FALSE,TRUE,FALSE,TRUE,BOTH
1320,Vim,vim18,1,"5, 15, 21","No, because",2,2,2,2,FALSE,FALSE,TRUE,FALSE,FALSE,BOTH
1322,Vim,vim18,1,-,Yes,3,3,3,3,FALSE,FALSE,TRUE,FALSE,TRUE,BOTH
1324,Vim,vim18,1,10-12,"No, because",2,1,3,3,FALSE,FALSE,TRUE,FALSE,TRUE,BOTH
1325,Vim,vim18,1,NA,"No, because",4,3,3,3,FALSE,FALSE,TRUE,FALSE,TRUE,BOTH
1326,Vim,vim18,1,NA,"No, because",3,2,2,2,FALSE,FALSE,TRUE,FALSE,FALSE,BOTH
1329,Vim,vim18,1,NA,"No, because",2,1,1,1,FALSE,FALSE,TRUE,FALSE,FALSE,BOTH
1330,Vim,vim18,1,NA,Yes,3,3,2,3,FALSE,FALSE,TRUE,FALSE,TRUE,BOTH
1334,Vim,vim18,1,NA,Yes,3,4,4,3,FALSE,FALSE,TRUE,FALSE,TRUE,BOTH
1335,Vim,vim18,1,NA,Yes,3,3,3,2,FALSE,FALSE,TRUE,FALSE,TRUE,BOTH
1342,Vim,vim18,1,NA,Yes,3,3,3,3,FALSE,FALSE,TRUE,FALSE,TRUE,BOTH
1343,Vim,vim18,1,NA,"No, because",2,2,2,2,FALSE,FALSE,TRUE,FALSE,TRUE,BOTH
1344,Vim,vim18,1,15-17,Yes,4,3,3,2,FALSE,FALSE,TRUE,FALSE,FALSE,BOTH
1345,Vim,vim18,1,11,"No, because",3,3,3,3,FALSE,FALSE,TRUE,FALSE,TRUE,BOTH
1352,Vim,vim18,1,NA,Yes,3,3,2,2,FALSE,FALSE,TRUE,FALSE,TRUE,BOTH
1355,Vim,vim18,1,9-12,Yes,3,3,3,4,FALSE,FALSE,TRUE,FALSE,FALSE,BOTH
1357,Vim,vim18,1,11,"No, because",2,2,2,2,FALSE,FALSE,TRUE,FALSE,TRUE,BOTH
1359,Vim,vim18,1,NA,Yes,3,2,3,2,FALSE,FALSE,TRUE,FALSE,TRUE,BOTH
1360,Vim,vim18,1,NA,Yes,3,3,3,3,FALSE,FALSE,TRUE,FALSE,TRUE,BOTH
1365,Vim,vim18,1,9-13,Yes,4,3,3,3,FALSE,FALSE,TRUE,FALSE,TRUE,BOTH
1367,Vim,vim18,1,16 (function + args are unknown to me),"No, because",3,3,3,3,FALSE,FALSE,TRUE,FALSE,FALSE,BOTH
1369,Vim,vim18,1,0,"No, because",4,4,4,4,FALSE,TRUE,NA,TRUE,NA,BOTH
1373,Vim,vim18,1,NA,Yes,3,3,3,3,FALSE,FALSE,TRUE,FALSE,TRUE,BOTH
1376,Vim,vim18,1,NA,"No, because",2,1,1,1,FALSE,FALSE,TRUE,FALSE,TRUE,BOTH
1380,Vim,vim18,1,NA,Yes,3,3,4,3,FALSE,FALSE,TRUE,FALSE,TRUE,BOTH
1385,Vim,vim18,1,"6,12,14,22","No, because",1,2,2,2,FALSE,FALSE,TRUE,FALSE,FALSE,BOTH
1387,Vim,vim18,1,9-15,Yes,3,3,3,3,FALSE,FALSE,TRUE,FALSE,FALSE,BOTH
1390,Vim,vim18,1,"5, 15, 17, 21",Yes,3,2,2,2,FALSE,FALSE,TRUE,FALSE,TRUE,BOTH
1391,Vim,vim18,1,NA,"No, because",3,2,3,1,FALSE,FALSE,TRUE,FALSE,FALSE,BOTH
1393,Vim,vim18,1,NA,Yes,3,3,3,2,FALSE,FALSE,TRUE,TRUE,NA,BOTH
1395,Vim,vim18,1,9-14,Yes,3,3,3,3,FALSE,FALSE,FALSE,FALSE,TRUE,BOTH
1401,Vim,vim18,1,NA,Yes,3,3,3,2,FALSE,FALSE,TRUE,FALSE,TRUE,BOTH
1406,Vim,vim18,1,NA,Yes,3,2,3,2,FALSE,FALSE,TRUE,FALSE,FALSE,BOTH
1415,Vim,vim18,1,NA,Yes,3,2,2,2,FALSE,FALSE,TRUE,FALSE,FALSE,BOTH
1417,Vim,vim18,1,NA,Yes,4,4,4,4,FALSE,FALSE,TRUE,FALSE,FALSE,BOTH
1421,Vim,vim18,1,NA,"No, because",4,3,4,4,FALSE,FALSE,TRUE,FALSE,TRUE,BOTH
1422,Vim,vim18,1,5,Yes,2,3,2,3,FALSE,FALSE,FALSE,FALSE,FALSE,BOTH
1430,Vim,vim18,1,NA,Yes,3,3,3,3,FALSE,FALSE,TRUE,FALSE,TRUE,BOTH
1448,Vim,vim18,1,9-13,"No, because",3,3,3,3,FALSE,FALSE,TRUE,FALSE,TRUE,BOTH
1455,Vim,vim18,1,"The lack of {} after the if on line 9 was a bit strange, as it defies linux code rules. Otherwise nothing was hard to understand.",Yes,3,2,3,3,FALSE,FALSE,TRUE,FALSE,FALSE,BOTH
1459,Vim,vim18,1,NA,"No, because",2,1,1,1,FALSE,FALSE,FALSE,FALSE,FALSE,BOTH
1507,Vim,vim18,1,NA,Yes,3,2,2,2,FALSE,FALSE,TRUE,FALSE,TRUE,BOTH
1510,Vim,vim18,1,The whole function is written poorly.,"No, because",2,2,2,1,FALSE,FALSE,FALSE,FALSE,TRUE,BOTH
1512,Vim,vim18,1,NA,Yes,3,3,3,4,FALSE,FALSE,TRUE,FALSE,TRUE,BOTH
1537,Vim,vim18,1,NA,Yes,3,2,2,2,FALSE,FALSE,TRUE,FALSE,FALSE,BOTH
1542,Vim,vim18,1,9-13,"No, because",2,2,3,3,FALSE,FALSE,TRUE,FALSE,TRUE,BOTH
1547,Vim,vim18,1,NA,"No, because",3,2,2,1,FALSE,FALSE,TRUE,FALSE,TRUE,BOTH
1560,Vim,vim18,1,NA,Yes,3,3,2,2,FALSE,FALSE,TRUE,FALSE,FALSE,BOTH
1588,Vim,vim18,1,NA,"No, because",2,1,1,1,FALSE,FALSE,TRUE,FALSE,TRUE,BOTH
1595,Vim,vim18,1,10-12,"No, because",2,2,2,2,FALSE,FALSE,TRUE,FALSE,FALSE,BOTH
1597,Vim,vim18,1,9-14,"No, because",2,3,3,3,FALSE,FALSE,TRUE,FALSE,TRUE,BOTH
1631,Vim,vim18,1,NA,Yes,2,3,3,2,FALSE,FALSE,TRUE,FALSE,FALSE,BOTH
1651,Vim,vim18,1,NA,Yes,3,3,3,3,FALSE,FALSE,TRUE,FALSE,FALSE,BOTH
1665,Vim,vim18,1,NA,"No, because",3,2,2,2,FALSE,FALSE,TRUE,FALSE,TRUE,BOTH
1670,Vim,vim18,1,"4,10,12,20","No, because",2,2,2,2,FALSE,FALSE,TRUE,FALSE,FALSE,BOTH
1675,Vim,vim18,1,10-12,"No, because",3,3,3,3,FALSE,FALSE,TRUE,FALSE,TRUE,BOTH
1679,Vim,vim18,1,9-14,Yes,3,3,3,3,FALSE,FALSE,TRUE,FALSE,TRUE,BOTH
1687,Vim,vim18,1,NA,"No, because",2,1,2,1,FALSE,FALSE,TRUE,FALSE,TRUE,BOTH
1688,Vim,vim18,1,9-13,"No, because",2,2,2,1,FALSE,FALSE,FALSE,FALSE,FALSE,BOTH
1694,Vim,vim18,1,NA,Yes,2,3,2,3,FALSE,FALSE,TRUE,FALSE,FALSE,BOTH
1704,Vim,vim18,1,NA,"No, because",3,2,2,2,FALSE,FALSE,TRUE,FALSE,TRUE,BOTH
1711,Vim,vim18,1,NA,Yes,3,3,3,3,FALSE,FALSE,TRUE,FALSE,TRUE,BOTH
1715,Vim,vim18,1,9-14,"No, because",1,1,1,1,FALSE,FALSE,TRUE,FALSE,TRUE,BOTH
1717,Vim,vim18,1,NA,Yes,2,3,2,2,FALSE,FALSE,TRUE,FALSE,TRUE,BOTH
1720,Vim,vim18,1,5,Yes,2,2,2,2,FALSE,FALSE,TRUE,FALSE,FALSE,BOTH
1721,Vim,vim18,1,NA,"No, because",1,1,1,1,FALSE,FALSE,TRUE,FALSE,TRUE,BOTH
1723,Vim,vim18,1,NA,Yes,2,2,2,2,FALSE,FALSE,TRUE,FALSE,FALSE,BOTH
1726,Vim,vim18,1,NA,Yes,3,2,3,2,FALSE,FALSE,TRUE,FALSE,FALSE,BOTH
1731,Vim,vim18,1,10-12,"No, because",3,2,2,2,FALSE,FALSE,FALSE,FALSE,TRUE,BOTH
1745,Vim,vim18,1,4,"No, because",3,2,2,2,FALSE,FALSE,TRUE,FALSE,TRUE,BOTH
1758,Vim,vim18,1,NA,"No, because",3,3,2,2,FALSE,TRUE,NA,FALSE,TRUE,BOTH
1767,Vim,vim18,1,9-14,"No, because",3,2,2,2,FALSE,FALSE,TRUE,FALSE,TRUE,BOTH
1771,Vim,vim18,1,NA,"No, because",3,2,3,3,FALSE,FALSE,FALSE,FALSE,FALSE,BOTH
1772,Vim,vim18,1,NA,Yes,3,2,2,2,FALSE,FALSE,TRUE,FALSE,TRUE,BOTH
1775,Vim,vim18,1,"19, 22 - the indentation is wrong :)",Yes,3,4,4,2,FALSE,FALSE,TRUE,FALSE,FALSE,BOTH
1787,Vim,vim18,1,9-12,"No, because",2,1,2,1,FALSE,FALSE,TRUE,FALSE,TRUE,BOTH
1788,Vim,vim18,1,NA,Yes,3,3,3,3,FALSE,FALSE,TRUE,FALSE,TRUE,BOTH
1792,Vim,vim18,1,NA,Yes,3,3,3,2,FALSE,FALSE,TRUE,FALSE,FALSE,BOTH
1796,Vim,vim18,1,NA,Yes,3,3,3,2,FALSE,FALSE,TRUE,FALSE,TRUE,BOTH
1797,Vim,vim18,1,10-12,"No, because",2,2,2,2,FALSE,FALSE,TRUE,FALSE,FALSE,BOTH
1802,Vim,vim18,1,NA,Yes,4,4,4,4,FALSE,FALSE,TRUE,FALSE,FALSE,BOTH
1815,Vim,vim18,1,NA,"No, because",3,1,1,2,FALSE,FALSE,TRUE,FALSE,FALSE,BOTH
1816,Vim,vim18,1,9-11,Yes,2,3,3,2,FALSE,FALSE,TRUE,FALSE,TRUE,BOTH
1818,Vim,vim18,1,NA,"No, because",2,2,2,2,FALSE,FALSE,TRUE,FALSE,TRUE,BOTH
1824,Vim,vim18,1,NA,Yes,3,3,3,3,FALSE,FALSE,TRUE,FALSE,TRUE,BOTH
1833,Vim,vim18,1,"5, 16",Yes,3,3,3,3,FALSE,FALSE,TRUE,FALSE,TRUE,BOTH
1836,Vim,vim18,1,NA,"No, because",2,1,2,1,FALSE,FALSE,FALSE,FALSE,TRUE,BOTH
1843,Vim,vim18,1,"9-14, 5","No, because",2,2,2,2,FALSE,FALSE,TRUE,FALSE,TRUE,BOTH
1844,Vim,vim18,1,"individually, easy. Together is the problem. So 1-22.","No, because",1,1,1,1,FALSE,FALSE,TRUE,FALSE,FALSE,BOTH
1861,Vim,vim18,1,12,"No, because",2,2,2,2,FALSE,FALSE,TRUE,FALSE,FALSE,BOTH
1864,Vim,vim18,1,9-14,"No, because",2,2,2,1,FALSE,FALSE,TRUE,FALSE,FALSE,BOTH
1866,Vim,vim18,1,"5,16",Yes,3,3,3,2,FALSE,FALSE,TRUE,FALSE,TRUE,BOTH
1868,Vim,vim18,1,NA,Yes,3,2,2,2,FALSE,FALSE,TRUE,FALSE,FALSE,BOTH
1869,Vim,vim18,1,10-12,"No, because",3,2,2,2,FALSE,FALSE,TRUE,FALSE,FALSE,BOTH
1877,Vim,vim18,1,"9-13 are awkward with the partially #ifdef'ed conditional, but I wouldn't say ""hard"".",Yes,3,3,3,3,FALSE,FALSE,TRUE,FALSE,FALSE,BOTH
1878,Vim,vim18,1,11,"No, because",2,2,3,2,FALSE,FALSE,TRUE,FALSE,FALSE,BOTH
1883,Vim,vim18,1,NA,"No, because",3,2,2,2,FALSE,FALSE,TRUE,FALSE,TRUE,BOTH
1886,Vim,vim18,1,9-13,"No, because",2,3,2,2,FALSE,FALSE,TRUE,FALSE,FALSE,BOTH
1911,Vim,vim18,1,"5,11,16,21","No, because",2,1,1,1,FALSE,FALSE,FALSE,TRUE,NA,BOTH
1913,Vim,vim18,1,NA,Yes,2,2,1,2,FALSE,FALSE,TRUE,FALSE,FALSE,BOTH
1919,Vim,vim18,1,NA,Yes,2,3,3,3,FALSE,FALSE,TRUE,FALSE,TRUE,BOTH
1923,Vim,vim18,1,NA,"No, because",3,3,2,2,FALSE,FALSE,TRUE,FALSE,TRUE,BOTH
1930,Vim,vim18,1,2-21,"No, because",2,1,1,1,FALSE,FALSE,TRUE,FALSE,TRUE,BOTH
1938,Vim,vim18,1,9-14,"No, because",2,2,2,2,FALSE,FALSE,TRUE,FALSE,TRUE,BOTH
1944,Vim,vim18,1,NA,Yes,3,3,3,3,FALSE,FALSE,TRUE,FALSE,TRUE,BOTH
1950,Vim,vim18,1,9,Yes,1,3,2,2,FALSE,FALSE,TRUE,FALSE,TRUE,BOTH
1953,Vim,vim18,1,NA,"No, because",3,2,2,1,FALSE,FALSE,TRUE,FALSE,FALSE,BOTH
1962,Vim,vim18,1,NA,Yes,3,2,2,3,FALSE,FALSE,TRUE,FALSE,FALSE,BOTH
1969,Vim,vim18,1,4-20,Yes,2,2,2,2,FALSE,FALSE,FALSE,FALSE,TRUE,BOTH
1976,Vim,vim18,1,NA,Yes,3,2,3,3,FALSE,FALSE,TRUE,FALSE,TRUE,BOTH
1977,Vim,vim18,1,"5,9,15,17,21",Yes,2,2,1,1,FALSE,FALSE,TRUE,FALSE,TRUE,BOTH
1979,Vim,vim18,1,NA,"No, because",3,2,2,3,FALSE,FALSE,TRUE,FALSE,TRUE,BOTH
1995,Vim,vim18,1,NA,"No, because",2,2,1,2,FALSE,FALSE,TRUE,FALSE,FALSE,BOTH
2005,Vim,vim18,1,15-17,Yes,3,3,2,2,FALSE,FALSE,TRUE,FALSE,TRUE,BOTH
2007,Vim,vim18,1,5,Yes,2,1,2,2,FALSE,FALSE,TRUE,FALSE,FALSE,BOTH
2011,Vim,vim18,1,NA,Yes,3,2,3,2,FALSE,FALSE,TRUE,FALSE,FALSE,BOTH
2032,Vim,vim18,1,NA,Yes,2,3,3,2,FALSE,FALSE,TRUE,FALSE,TRUE,BOTH
2034,Vim,vim18,1,NA,Yes,3,3,3,2,FALSE,FALSE,TRUE,FALSE,TRUE,BOTH
2051,Vim,vim18,1,NA,Yes,3,3,3,3,FALSE,FALSE,TRUE,FALSE,TRUE,BOTH
2052,Vim,vim18,1,NA,Yes,3,2,2,2,FALSE,FALSE,TRUE,FALSE,TRUE,BOTH
2053,Vim,vim18,1,NA,"No, because",2,4,4,1,FALSE,FALSE,TRUE,FALSE,TRUE,BOTH
2056,Vim,vim18,1,NA,"No, because",2,2,2,2,FALSE,FALSE,TRUE,FALSE,TRUE,BOTH
2058,Vim,vim18,1,9-14,"No, because",2,1,2,2,FALSE,FALSE,TRUE,FALSE,TRUE,BOTH
2061,Vim,vim18,1,21,Yes,2,2,2,2,FALSE,FALSE,TRUE,FALSE,TRUE,BOTH
2062,Vim,vim18,1,NA,Yes,3,3,2,3,FALSE,FALSE,FALSE,FALSE,TRUE,BOTH
2074,Vim,vim18,1,NA,Yes,4,4,4,4,FALSE,FALSE,TRUE,FALSE,FALSE,BOTH
2076,Vim,vim18,1,9-12,"No, because",2,2,2,1,FALSE,FALSE,TRUE,FALSE,FALSE,BOTH
2079,Vim,vim18,1,"16, 21","No, because",2,2,2,2,FALSE,FALSE,TRUE,FALSE,FALSE,BOTH
2080,Vim,vim18,1,NA,"No, because",3,3,3,3,FALSE,FALSE,TRUE,FALSE,TRUE,BOTH
2081,Vim,vim18,1,11,"No, because",3,3,2,2,FALSE,FALSE,TRUE,FALSE,FALSE,BOTH
2082,Vim,vim18,1,"many since lot of undefined (or not seen context), such p_imsf[0], exiting, im_is_active","No, because",2,2,2,2,FALSE,TRUE,NA,TRUE,NA,BOTH
2083,Vim,vim18,1,NA,Yes,4,3,4,3,FALSE,FALSE,TRUE,FALSE,TRUE,BOTH
2086,Vim,vim18,1,NA,"No, because",3,2,2,2,FALSE,FALSE,TRUE,FALSE,TRUE,BOTH
2087,Vim,vim18,1,none,"No, because",2,1,1,2,FALSE,FALSE,TRUE,FALSE,FALSE,BOTH
2091,Vim,vim18,1,4-21,"No, because",2,1,2,1,FALSE,FALSE,TRUE,FALSE,TRUE,BOTH
2093,Vim,vim18,1,"9, 16, 21",Yes,3,3,3,3,FALSE,FALSE,TRUE,FALSE,TRUE,BOTH
2094,Vim,vim18,1,NA,Yes,2,2,2,2,FALSE,FALSE,TRUE,FALSE,TRUE,BOTH
2111,Vim,vim18,1,NA,Yes,4,4,4,4,FALSE,TRUE,NA,FALSE,TRUE,BOTH
2113,Vim,vim18,1,11,"No, because",3,3,3,2,FALSE,FALSE,TRUE,FALSE,TRUE,BOTH
2124,Vim,vim18,1,NA,"No, because",2,2,3,2,FALSE,FALSE,TRUE,FALSE,TRUE,BOTH
2129,Vim,vim18,1,NA,Yes,3,2,2,2,FALSE,FALSE,TRUE,FALSE,FALSE,BOTH
2132,Vim,vim18,1,9-13,"No, because",2,1,1,1,FALSE,FALSE,TRUE,FALSE,FALSE,BOTH
2133,Vim,vim18,1,NA,Yes,3,3,3,3,FALSE,FALSE,TRUE,FALSE,TRUE,BOTH
2134,Vim,vim18,1,NA,"No, because",3,3,3,2,FALSE,FALSE,TRUE,TRUE,NA,BOTH
2145,Vim,vim18,1,NA,"No, because",3,3,3,2,FALSE,TRUE,NA,FALSE,FALSE,BOTH
2152,Vim,vim18,1,NA,Yes,3,3,3,3,FALSE,FALSE,TRUE,FALSE,FALSE,BOTH
2156,Vim,vim18,1,9: `exiting` is not declared here.  So it took some time to figure out it is a global / static variable,Yes,2,3,3,2,FALSE,FALSE,TRUE,FALSE,TRUE,BOTH
2157,Vim,vim18,1,5,"No, because",2,2,2,2,FALSE,FALSE,TRUE,FALSE,FALSE,BOTH
2158,Vim,vim18,1,10-12,"No, because",2,3,1,2,FALSE,FALSE,TRUE,FALSE,TRUE,BOTH
2176,Vim,vim18,1,NA,"No, because",2,2,2,2,FALSE,FALSE,TRUE,FALSE,TRUE,BOTH
2183,Vim,vim18,1,19-21,"No, because",2,2,2,2,FALSE,FALSE,TRUE,FALSE,TRUE,BOTH
2185,Vim,vim18,1,"21, it must be a global variable.","No, because",3,3,3,2,FALSE,FALSE,FALSE,FALSE,FALSE,BOTH
2186,Vim,vim18,1,NA,Yes,4,4,4,3,FALSE,FALSE,TRUE,FALSE,TRUE,BOTH
2188,Vim,vim18,1,NA,Yes,3,3,3,3,FALSE,FALSE,TRUE,FALSE,FALSE,BOTH
2189,Vim,vim18,1,1-22,Yes,2,2,2,2,FALSE,FALSE,TRUE,FALSE,FALSE,BOTH
2190,Vim,vim18,1,NA,Yes,4,4,4,4,FALSE,FALSE,FALSE,FALSE,TRUE,BOTH
2195,Vim,vim18,1,4-14,"No, because",2,1,2,1,FALSE,FALSE,TRUE,TRUE,NA,BOTH
2197,Vim,vim18,1,NA,Yes,3,3,3,3,FALSE,FALSE,TRUE,FALSE,TRUE,BOTH
2198,Vim,vim18,1,9-14,"No, because",3,2,2,2,FALSE,FALSE,TRUE,FALSE,TRUE,BOTH
2205,Vim,vim18,1,NA,"No, because",2,1,2,2,FALSE,FALSE,TRUE,FALSE,TRUE,BOTH
2215,Vim,vim18,1,NA,Yes,3,3,3,2,FALSE,FALSE,TRUE,FALSE,FALSE,BOTH
2219,Vim,vim18,1,NA,"No, because",3,3,3,2,FALSE,FALSE,TRUE,FALSE,TRUE,BOTH
2220,Vim,vim18,1,9,"No, because",3,2,2,2,FALSE,FALSE,TRUE,FALSE,TRUE,BOTH
2226,Vim,vim18,1,5,Yes,4,3,3,2,FALSE,TRUE,NA,FALSE,TRUE,BOTH
2232,Vim,vim18,1,NA,"No, because",3,2,3,2,FALSE,FALSE,TRUE,FALSE,FALSE,BOTH
2235,Vim,vim18,1,10-12,"No, because",2,2,2,2,FALSE,FALSE,TRUE,FALSE,FALSE,BOTH
2248,Vim,vim18,1,NA,Yes,3,2,3,2,FALSE,FALSE,TRUE,FALSE,TRUE,BOTH
2249,Vim,vim18,1,NA,Yes,4,2,3,2,FALSE,FALSE,TRUE,FALSE,TRUE,BOTH
2251,Vim,vim18,1,11,"No, because",2,1,2,1,FALSE,FALSE,TRUE,FALSE,FALSE,BOTH
2252,Vim,vim18,1,NA,Yes,3,3,3,2,FALSE,FALSE,TRUE,FALSE,TRUE,BOTH
2254,Vim,vim18,1,9-14,Yes,3,3,2,2,FALSE,FALSE,TRUE,FALSE,TRUE,BOTH
2255,Vim,vim18,1,10-12,"No, because",3,3,3,3,FALSE,FALSE,TRUE,FALSE,FALSE,BOTH
2261,Vim,vim18,1,NA,"No, because",3,3,3,3,FALSE,FALSE,FALSE,FALSE,TRUE,BOTH
2263,Vim,vim18,1,NA,"No, because",3,3,2,2,FALSE,FALSE,TRUE,FALSE,TRUE,BOTH
2265,Vim,vim18,1,NA,"No, because",3,1,1,1,FALSE,FALSE,TRUE,FALSE,TRUE,BOTH
2272,Vim,vim18,1,NA,Yes,2,2,2,3,FALSE,FALSE,TRUE,FALSE,FALSE,BOTH
2273,Vim,vim18,1,NA,Yes,4,3,1,2,FALSE,FALSE,FALSE,FALSE,TRUE,BOTH
2275,Vim,vim18,1,NA,Yes,4,4,4,3,FALSE,FALSE,TRUE,FALSE,TRUE,BOTH
2278,Vim,vim18,1,4-20,"No, because",2,2,2,1,FALSE,FALSE,TRUE,TRUE,NA,BOTH
2279,Vim,vim18,1,NA,"No, because",2,2,3,2,FALSE,FALSE,TRUE,FALSE,TRUE,BOTH
2282,Vim,vim18,1,NA,"No, because",2,1,1,1,FALSE,FALSE,FALSE,FALSE,TRUE,BOTH
2283,Vim,vim18,1,10-12,"No, because",3,2,2,2,FALSE,FALSE,FALSE,FALSE,TRUE,BOTH
2285,Vim,vim18,1,Question 9 is unclear and impossible to answer.,Yes,4,4,4,4,FALSE,FALSE,TRUE,FALSE,FALSE,BOTH
2290,Vim,vim18,1,9,Yes,3,3,3,3,FALSE,FALSE,TRUE,FALSE,TRUE,BOTH
2295,Vim,vim18,1,NA,Yes,4,3,3,3,FALSE,FALSE,TRUE,FALSE,TRUE,BOTH
2296,Vim,vim18,1,NA,"No, because",2,3,2,2,FALSE,FALSE,FALSE,FALSE,FALSE,BOTH
2298,Vim,vim18,1,16,"No, because",2,2,2,3,FALSE,FALSE,TRUE,FALSE,FALSE,BOTH
2299,Vim,vim18,1,10-12,"No, because",3,2,2,2,FALSE,FALSE,TRUE,FALSE,FALSE,BOTH
2300,Vim,vim18,1,9-14,"No, because",1,1,2,2,FALSE,FALSE,TRUE,FALSE,TRUE,BOTH
2301,Vim,vim18,1,10-12,"No, because",2,2,2,2,FALSE,FALSE,TRUE,FALSE,TRUE,BOTH
2302,Vim,vim18,1,"9-14, 16","No, because",2,2,2,1,FALSE,FALSE,TRUE,FALSE,TRUE,BOTH
2304,Vim,vim18,1,NA,"No, because",2,2,2,2,FALSE,FALSE,TRUE,FALSE,TRUE,BOTH
2305,Vim,vim18,1,9-14,"No, because",2,2,2,2,FALSE,FALSE,TRUE,FALSE,TRUE,BOTH
2307,Vim,vim18,1,5,"No, because",2,1,1,1,FALSE,FALSE,TRUE,FALSE,FALSE,BOTH
2309,Vim,vim18,1,NA,Yes,3,2,2,1,FALSE,FALSE,TRUE,FALSE,FALSE,BOTH
2310,Vim,vim18,1,NA,"No, because",2,2,1,1,FALSE,FALSE,TRUE,FALSE,TRUE,BOTH
2311,Vim,vim18,1,NA,Yes,3,1,1,1,FALSE,FALSE,TRUE,FALSE,TRUE,BOTH
2312,Vim,vim18,1,9-13,"No, because",1,1,1,2,FALSE,FALSE,TRUE,FALSE,TRUE,BOTH
2313,Vim,vim18,1,16,Yes,2,1,3,2,FALSE,FALSE,TRUE,FALSE,FALSE,BOTH
2314,Vim,vim18,1,"1,9-13",Yes,3,2,2,3,FALSE,FALSE,TRUE,FALSE,FALSE,BOTH
2316,Vim,vim18,1,NA,Yes,2,2,3,2,FALSE,FALSE,TRUE,FALSE,FALSE,BOTH
2320,Vim,vim18,1,NA,"No, because",2,1,2,1,FALSE,FALSE,TRUE,FALSE,FALSE,BOTH
2321,Vim,vim18,1,9-14,"No, because",2,2,2,2,FALSE,FALSE,TRUE,FALSE,TRUE,BOTH
2323,Vim,vim18,1,9-14,"No, because",3,3,3,2,FALSE,FALSE,TRUE,FALSE,TRUE,BOTH
2326,Vim,vim18,1,NA,Yes,3,2,2,2,FALSE,TRUE,NA,TRUE,NA,BOTH
2332,Vim,vim18,1,9-11,"No, because",2,2,3,3,FALSE,FALSE,FALSE,FALSE,FALSE,BOTH
2334,Vim,vim18,1,NA,"No, because",3,2,2,2,FALSE,FALSE,TRUE,FALSE,FALSE,BOTH
2341,Vim,vim18,1,NA,"No, because",2,2,2,2,FALSE,FALSE,TRUE,FALSE,TRUE,BOTH
2345,Vim,vim18,1,15-17,Yes,2,2,2,3,FALSE,FALSE,TRUE,FALSE,FALSE,BOTH
2349,Vim,vim18,1,9-14,Yes,3,3,3,3,FALSE,FALSE,FALSE,FALSE,TRUE,BOTH
2351,Vim,vim18,1,NA,Yes,3,3,3,2,FALSE,FALSE,FALSE,FALSE,FALSE,BOTH
2354,Vim,vim18,1,NA,"No, because",4,3,3,3,FALSE,FALSE,TRUE,FALSE,TRUE,BOTH
2359,Vim,vim18,1,NA,Yes,3,3,3,3,FALSE,FALSE,TRUE,FALSE,TRUE,BOTH
2364,Vim,vim18,1,9-14,"No, because",2,2,2,2,FALSE,FALSE,TRUE,FALSE,TRUE,BOTH
2365,Vim,vim18,1,NA,Yes,4,3,2,2,FALSE,FALSE,TRUE,FALSE,FALSE,BOTH
2372,Vim,vim18,1,11,Yes,2,3,2,2,FALSE,FALSE,TRUE,FALSE,TRUE,BOTH
2377,Vim,vim18,1,11,"No, because",2,1,2,1,FALSE,FALSE,TRUE,FALSE,TRUE,BOTH
2379,Vim,vim18,1,NA,"No, because",2,1,1,1,FALSE,FALSE,TRUE,FALSE,TRUE,BOTH
2384,Vim,vim18,1,9-14,"No, because",2,1,1,1,FALSE,FALSE,TRUE,FALSE,TRUE,BOTH
2386,Vim,vim18,1,NA,"No, because",4,3,2,2,FALSE,FALSE,TRUE,FALSE,TRUE,BOTH
2395,Vim,vim18,1,9-14,"No, because",2,2,2,1,FALSE,FALSE,TRUE,FALSE,TRUE,BOTH
2407,Vim,vim18,1,21,Yes,3,4,4,3,FALSE,FALSE,TRUE,FALSE,TRUE,BOTH
2411,Vim,vim18,1,NA,Yes,3,3,2,2,FALSE,FALSE,TRUE,FALSE,TRUE,BOTH
2412,Vim,vim18,1,NA,Yes,2,1,3,2,FALSE,FALSE,TRUE,FALSE,FALSE,BOTH
2426,Vim,vim18,1,9-14,"No, because",2,3,3,1,FALSE,FALSE,TRUE,FALSE,TRUE,BOTH
2428,Vim,vim18,1,NA,Yes,2,2,2,2,FALSE,FALSE,TRUE,FALSE,FALSE,BOTH
2429,Vim,vim18,1,9-14,"No, because",1,2,2,1,FALSE,FALSE,TRUE,FALSE,TRUE,BOTH
2432,Vim,vim18,1,NA,Yes,3,2,2,2,FALSE,FALSE,TRUE,FALSE,TRUE,BOTH
2433,Vim,vim18,1,"15,17","No, because",3,3,3,2,FALSE,FALSE,TRUE,FALSE,TRUE,BOTH
2437,Vim,vim18,1,NA,Yes,2,2,2,2,FALSE,FALSE,TRUE,FALSE,FALSE,BOTH
2446,Vim,vim18,1,NA,Yes,2,3,3,2,FALSE,FALSE,TRUE,FALSE,TRUE,BOTH
2447,Vim,vim18,1,NA,Yes,2,2,2,2,FALSE,FALSE,TRUE,FALSE,TRUE,BOTH
2449,Vim,vim18,1,"11,16",Yes,3,2,3,2,FALSE,FALSE,TRUE,FALSE,TRUE,BOTH
2455,Vim,vim18,1,9-13,"No, because",3,2,3,2,FALSE,FALSE,TRUE,FALSE,FALSE,BOTH
2475,Vim,vim18,1,"I find the code easy to read but the questions hard to answer as the reader is forced to make assumptions about variable states to fit the answers. Ie what is the state of im_is_active and p_imsf[0]. Assumptions these checks pass or fail determines the answer to the questions, not just the preprocessor directives. ",Yes,3,2,2,1,FALSE,FALSE,TRUE,FALSE,TRUE,BOTH
2477,Vim,vim18,1,NA,"No, because",2,2,3,2,FALSE,FALSE,TRUE,FALSE,TRUE,BOTH
2480,Vim,vim18,1,NA,Yes,3,2,2,2,FALSE,FALSE,TRUE,FALSE,FALSE,BOTH
2481,Vim,vim18,1,NA,Yes,4,3,3,4,FALSE,FALSE,FALSE,FALSE,TRUE,BOTH
2500,Vim,vim18,1,9-14,Yes,2,2,2,1,FALSE,FALSE,TRUE,FALSE,TRUE,BOTH
2502,Vim,vim18,1,21,"No, because",2,2,3,1,FALSE,FALSE,TRUE,FALSE,FALSE,BOTH
2503,Vim,vim18,1,NA,"No, because",2,2,2,2,FALSE,FALSE,TRUE,FALSE,TRUE,BOTH
2510,Vim,vim18,1,most lines. Indentation is strange for me,"No, because",3,2,1,2,FALSE,FALSE,TRUE,FALSE,FALSE,BOTH
2519,Vim,vim18,1,15-17,"No, because",3,2,2,3,FALSE,FALSE,TRUE,FALSE,TRUE,BOTH
2521,Vim,vim18,1,NA,"No, because",3,2,2,2,FALSE,FALSE,FALSE,FALSE,TRUE,BOTH
2522,Vim,vim18,1,NA,Yes,2,2,3,2,FALSE,FALSE,TRUE,FALSE,TRUE,BOTH
2523,Vim,vim18,1,NA,"No, because",2,2,2,1,FALSE,FALSE,TRUE,FALSE,TRUE,BOTH
2527,Vim,vim18,1,NA,Yes,3,2,2,2,FALSE,FALSE,TRUE,FALSE,TRUE,BOTH
2533,Vim,vim18,1,9-13,"No, because",3,2,2,2,FALSE,FALSE,TRUE,FALSE,TRUE,BOTH
2535,Vim,vim18,1,NA,Yes,3,2,2,2,FALSE,FALSE,TRUE,FALSE,TRUE,BOTH
2536,Vim,vim18,1,NA,Yes,2,2,2,3,FALSE,FALSE,TRUE,FALSE,FALSE,BOTH
2537,Vim,vim18,1,NA,Yes,3,3,3,3,FALSE,FALSE,TRUE,FALSE,FALSE,BOTH
2541,Vim,vim18,1,NA,Yes,4,3,4,4,FALSE,FALSE,TRUE,FALSE,FALSE,BOTH
2544,Vim,vim18,1,NA,Yes,3,3,2,3,FALSE,FALSE,FALSE,FALSE,FALSE,BOTH
2551,Vim,vim18,1,NA,"No, because",3,2,2,2,FALSE,FALSE,TRUE,FALSE,TRUE,BOTH
2552,Vim,vim18,1,"Would have been nice to see the global definitions for exiting and im_is_active, to make clear how they were.",Yes,3,3,3,2,FALSE,FALSE,TRUE,FALSE,FALSE,BOTH
2562,Vim,vim18,1,"what is exiting. also question 9 is a bit weird, because it would run if AUTOCMD was undefined, or if it was defined and is_blocked would give a truthy val.","No, because",2,1,2,1,FALSE,FALSE,FALSE,FALSE,FALSE,BOTH
2563,Vim,vim18,1,9-14,"No, because",3,2,2,2,FALSE,FALSE,TRUE,FALSE,TRUE,BOTH
2566,Vim,vim18,1,5,"No, because",2,2,2,2,FALSE,FALSE,TRUE,FALSE,TRUE,BOTH
2574,Vim,vim18,1,NA,Yes,3,2,2,2,FALSE,FALSE,TRUE,FALSE,TRUE,BOTH
2578,Vim,vim18,1,NA,Yes,3,3,2,3,FALSE,FALSE,TRUE,FALSE,TRUE,BOTH
2580,Vim,vim18,1,NA,"No, because",3,2,2,2,FALSE,FALSE,TRUE,FALSE,TRUE,BOTH
2587,Vim,vim18,1,NA,Yes,3,3,3,3,FALSE,FALSE,TRUE,FALSE,FALSE,BOTH
2589,Vim,vim18,1,NA,"No, because",3,2,3,1,FALSE,FALSE,TRUE,FALSE,TRUE,BOTH
2591,Vim,vim18,1,NA,Yes,3,2,3,2,FALSE,FALSE,TRUE,FALSE,TRUE,BOTH
2592,Vim,vim18,1,NA,Yes,3,3,2,3,FALSE,FALSE,TRUE,FALSE,TRUE,BOTH
2597,Vim,vim18,1,NA,Yes,4,2,2,3,FALSE,FALSE,TRUE,FALSE,TRUE,BOTH
2599,Vim,vim18,1,NA,"No, because",2,2,2,2,FALSE,FALSE,TRUE,FALSE,TRUE,BOTH
2609,Vim,vim18,1,9-13,"No, because",2,1,1,1,FALSE,FALSE,FALSE,FALSE,FALSE,BOTH
2610,Vim,vim18,1,"5,15-17",Yes,3,2,2,3,FALSE,FALSE,TRUE,FALSE,TRUE,BOTH
2614,Vim,vim18,1,NA,Yes,3,2,2,4,FALSE,TRUE,NA,FALSE,FALSE,BOTH
2617,Vim,vim18,1,9-13,Yes,2,3,2,2,FALSE,FALSE,TRUE,FALSE,TRUE,BOTH
2619,Vim,vim18,1,NA,Yes,2,1,1,3,FALSE,FALSE,TRUE,FALSE,TRUE,BOTH
2631,Vim,vim18,1,9-13,Yes,4,4,4,4,FALSE,FALSE,TRUE,FALSE,FALSE,BOTH
2635,Vim,vim18,1,NA,"No, because",3,3,4,4,FALSE,FALSE,TRUE,FALSE,TRUE,BOTH
2636,Vim,vim18,1,NA,Yes,3,2,2,2,FALSE,FALSE,TRUE,FALSE,TRUE,BOTH
2643,Vim,vim18,1,NA,"No, because",4,3,3,3,FALSE,FALSE,TRUE,FALSE,TRUE,BOTH
2645,Vim,vim18,1,"5,21","No, because",4,3,4,3,FALSE,FALSE,TRUE,FALSE,TRUE,BOTH
2654,Vim,vim18,1,9-13,"No, because",3,2,2,2,FALSE,FALSE,TRUE,FALSE,TRUE,BOTH
2662,Vim,vim18,1,NA,Yes,3,3,3,3,FALSE,FALSE,TRUE,FALSE,TRUE,BOTH
2664,Vim,vim18,1,16,"No, because",3,2,2,2,FALSE,FALSE,TRUE,FALSE,TRUE,BOTH
2666,Vim,vim18,1,NA,"No, because",3,2,4,3,FALSE,FALSE,TRUE,FALSE,TRUE,BOTH
